build-docs,1.1
build-docs-1.0,1.0
build-docs-1.1,1.1
enterprise-4.11,4.11
enterprise-4.12,4.12
enterprise-4.13,4.13
enterprise-4.14,4.14
enterprise-4.15,4.15
gitops-docs,1.11
gitops-docs-1.10,1.10
gitops-docs-1.11,1.11
gitops-docs-1.8,1.8
gitops-docs-1.9,1.9
main,4.15
opp-docs,4.15
pipelines-docs,1.10
pipelines-docs-1.10,1.10
pipelines-docs-1.11,1.11
pipelines-docs-1.12,1.12
pipelines-docs-1.13,1.13
prow-test,4.15
rhacs-docs,4.4
rhacs-docs-4.1,4.1
rhacs-docs-4.2,4.2
rhacs-docs-4.3,4.3
rhacs-docs-4.4,4.4
serverless-docs,1.31
serverless-docs-1.28,1.28
serverless-docs-1.29,1.29
serverless-docs-1.30,1.30
serverless-docs-1.31,1.31
service-mesh-docs,4.15